<?xml version="1.0" encoding="UTF-8" ?>
<XMLDB PATH="auth/coupon/db" VERSION="20240118" COMMENT="XMLDB file for Moodle auth/coupon"
    xmlns:xsi="http://www.w3.org/2001/XMLSchema-instance"
    xsi:noNamespaceSchemaLocation="../../../lib/xmldb/xmldb.xsd">

    <TABLES>
        <TABLE NAME="auth_coupon" COMMENT="Default comment for coupon">
            <FIELDS>
                <FIELD NAME="id" TYPE="int" LENGTH="10" NOTNULL="true" SEQUENCE="true"/>
                <FIELD NAME="code" TYPE="char" LENGTH='10' COMMENT="Coupon Code"/>
                <FIELD NAME="usage_count" TYPE="char" LENGTH='10' COMMENT="Usage count allowed"/>
                <FIELD NAME="start_date" TYPE="int" LENGTH="10" NOTNULL="true" SEQUENCE="false"/>
                <FIELD NAME="expiry_date" TYPE="int" LENGTH="10" NOTNULL="true" SEQUENCE="false"/>
                <FIELD NAME="creation_date" TYPE="int" LENGTH="10" NOTNULL="true" SEQUENCE="false"/>
                <FIELD NAME="companyid" TYPE="int" LENGTH="10" NOTNULL="true" SEQUENCE="false"/>
                <FIELD NAME="creatorid" TYPE="int" LENGTH="10" NOTNULL="true" SEQUENCE="false"/>
                <FIELD NAME="notes" TYPE="char" LENGTH="10" NOTNULL="true" SEQUENCE="false"/>
                <FIELD NAME="delete_code" TYPE="int" LENGTH="10" DEFAULT="0" NOTNULL="true" SEQUENCE="false"/>
                <FIELD NAME="delete_date" TYPE="int" LENGTH="10" DEFAULT="0" NOTNULL="true" SEQUENCE="false"/>
            </FIELDS>
            <KEYS>
                <KEY NAME="primary" TYPE="primary" FIELDS="id"/>
            </KEYS>
        </TABLE>
        <TABLE NAME="auth_coupon_usages" COMMENT="Default comment for coupon_usages">
            <FIELDS>
                <FIELD NAME="id" TYPE="int" LENGTH="10" NOTNULL="true" SEQUENCE="true"/>
                <FIELD NAME="userid" TYPE="int" LENGTH="10" NOTNULL="true" SEQUENCE="false"/>
                <FIELD NAME="couponid" TYPE="int" LENGTH="10" NOTNULL="true" SEQUENCE="false"/>
            </FIELDS>
            <KEYS>
                <KEY NAME="primary" TYPE="primary" FIELDS="id"/>
            </KEYS>
        </TABLE>
    </TABLES>
</XMLDB>

